{
  "type": "minecraft:spline",
  "spline": {
    "coordinate": {
      "type": "minecraft:y_clamped_gradient",
      "from_y": -64,
      "to_y": 2032,
      "from_value": -64,
      "to_value": 2032
    },
    "points": [
      {
        "location": -64,
        "derivative": 0,
        "value": 0.1
      },
      {
        "location": 54,
        "derivative": 0,
        "value": {
          "coordinate": "minecraft:new_combination/unfixed",
          "points": [
            {
              "location": 0,
              "derivative": 1,
              "value": 0
            }
          ]
        }
      }
    ]
  }
}
